url,status_code,wagtail_page_id,wagtail_page_type,view,templates
/,200,441,HomePage,,
/about-us/,200,28,Page,,
/about-us/test-table/,200,912,Page,,
/calendar/,200,5,Calendar,,
/calendar/mid-rpb-public-meeting/,200,32,Event,,
/calendar/march-how-tuesday/,200,37,Event,,
/calendar/chow-2015/,200,38,Event,,
/calendar/april-how-tuesday/,200,39,Event,,
/calendar/may-how-tuesday/,200,40,Event,,
/calendar/june-how-tuesday/,200,41,Event,,
/calendar/2015-awea-offshore-wind-power/,200,49,Event,,
/calendar/july-how-tuesday/,200,76,Event,,
/calendar/august-how-tuesday/,200,77,Event,,
/calendar/september-how-tuesday/,200,78,Event,,
/calendar/october-how-tuesday/,200,79,Event,,
/calendar/november-how-tuesday/,200,80,Event,,
/calendar/march-how-tuesday-roa-portal/,200,81,Event,,
/calendar/public-webinar-marco/,200,104,Event,,
/calendar/mid-atlantic-regional-planning-body-meeting/,200,107,Event,,
/calendar/9-22-15-ijc-workshop/,200,108,Event,,
/calendar/2015-nj-league-conference/,200,109,Event,,
/calendar/2016-ocean-sciences-meeting/,200,110,Event,,
/calendar/mtsieee-oceans-2015/,200,111,Event,,
/calendar/ocean-champions-awards-luncheon/,200,114,Event,,
/calendar/6th-annual-maritime-risk-symposium/,200,118,Event,,
/calendar/mida-rpb-public-webinar/,200,119,Event,,
/calendar/asbpa-coastal-summit-2016/,200,120,Event,,
/calendar/forum-ocean-assessment-data-syntheses-products/,200,122,Event,,
/calendar/mid-atlantic-regional-planning-body-public-meeting/,200,125,Event,,
/calendar/april-webinar-mdat-/,200,127,Event,,
/calendar/may-how-tuesday-huds-portal/,200,128,Event,,
/calendar/awea-windpower-2016-conference-and-exhibition/,200,131,Event,,
/calendar/capitol-hill-ocean-week-2016/,200,132,Event,,
/calendar/maracoos-2016-annual-meeting/,200,137,Event,,
/calendar/northeast-draft-plan-webinar/,200,140,Event,,
/calendar/mid-atlantic-fishery-management-council-meeting/,200,141,Event,,
/calendar/asbpa-2016-national-coastal-conference/,200,142,Event,,
/calendar/public-webinar-ocean-action-plan/,200,144,Event,,
/calendar/ocean-action-plan-open-house-virginia/,200,145,Event,,
/calendar/delaware-mid-atlantic-ocean-action-plan-open-house/,200,146,Event,,
/calendar/new-york-mid-atlantic-ocean-action-plan-open-house/,200,147,Event,,
/calendar/new-jersey-mid-atlantic-ocean-plan-open-house/,200,148,Event,,
/calendar/maryland-open-house/,200,150,Event,,
/calendar/january-how-tuesday-open-tutorial/,200,152,Event,,
/calendar/oap-public-comment-deadline/,200,154,Event,,
/calendar/marine-life-data-development/,200,155,Event,,
/calendar/oceans-16-monterey/,200,156,Event,,
/calendar/boem-avian-survey-info-webinar/,200,160,Event,,
/calendar/coastal-geotools-conference/,200,161,Event,,
/calendar/northeast-draft-plan-update-webinar/,200,165,Event,,
/calendar/november-how-tuesday-marine-life-data/,200,166,Event,,
/calendar/coastal-community-resilience-planning-course/,200,167,Event,,
/calendar/mamea-2016-annual-conference/,200,168,Event,,
/calendar/nj-league-municipalities-conference-2017/,200,169,Event,,
/calendar/2016-future-ocean-symposium/,200,170,Event,,
/calendar/mida-rpb-ocean-plan-public-webinar/,200,173,Event,,
/calendar/ocean-acidification-monitoring-efforts/,200,174,Event,,
/calendar/january-macan-webinar/,200,175,Event,,
/calendar/february-macan-webinar/,200,176,Event,,
/calendar/march-macan-webinar/,200,177,Event,,
/calendar/north-american-dredging-summit/,200,178,Event,,
/calendar/ocean-frontiers-iii-premier/,200,180,Event,,
/calendar/workshop-atlantic-offshore-wind-protected-species/,200,181,Event,,
/calendar/sustainable-finance-options-mpas/,200,182,Event,,
/calendar/ocean-frontiers-3-screening/,200,184,Event,,
/calendar/changing-ocean-conditions-related-fisheries/,200,185,Event,,
/calendar/macan-may-workshop/,200,187,Event,,
/calendar/charlottesville-ocean-frontiers-iii-screening/,200,190,Event,,
/calendar/ship-bottom-ocean-frontiers-iii-screening/,200,191,Event,,
/calendar/june-2017-mida-rpb-public-meeting/,200,192,Event,,
/calendar/may-2017-ecologically-rich-areas-workshop/,200,193,Event,,
/calendar/how-tu-use-marine-planners-tools/,200,195,Event,,
/calendar/mid-atlantic-marine-debris-regional-workshop/,200,196,Event,,
/calendar/mida-rpb-healthy-ocean-indicators-workshop/,200,198,Event,,
/calendar/webinar-mapping-risk-mid-atlantic/,200,200,Event,,
/calendar/2017-asbpa-national-coastal-conference/,200,202,Event,,
/calendar/august-2017-mafmc-meeting/,200,203,Event,,
/calendar/webinar-risk-communication-post-sandy-era/,200,205,Event,,
/calendar/delaware-ocean-frontiers-iii-screening-panel/,200,210,Event,,
/calendar/long-island-ocean-frontiers-iii-screening-panel/,200,211,Event,,
/calendar/climate-change-policy-new-jersey/,200,213,Event,,
/calendar/us-symposium-harmful-algae/,200,214,Event,,
/calendar/2017-champion-ocean-awards-dinner/,200,215,Event,,
/calendar/non-consumptive-recreation-workshop-ny/,200,216,Event,,
/calendar/de-md-non-consumptive-recreation-workshop/,200,217,Event,,
/calendar/new-jersey-non-consumptive-recreation-workshop/,200,218,Event,,
/calendar/virginia-non-consumptive-recreation-workshop/,200,219,Event,,
/calendar/long-beach-ocean-frontiers-iii-screening-panel/,200,220,Event,,
/calendar/back-future-maritime-2007-27/,200,221,Event,,
/calendar/super-storm-sandy-five-years-later/,200,222,Event,,
/calendar/how-tuesday-coastal-and-ocean-acidification-data/,200,223,Event,,
/calendar/macan-webinar-modeling-changes-chesapeake-bay/,200,228,Event,,
/calendar/coastal-resilience-people-nature/,200,229,Event,,
/calendar/rpb-january-2018-meeting/,200,230,Event,,
/calendar/2018-delaware-wetlands-conference/,200,232,Event,,
/calendar/dc-national-ocs-program-public-meeting/,200,233,Event,,
/calendar/nj-national-ocs-program-public-meeting/,200,234,Event,,
/calendar/md-national-ocs-program-public-meeting/,200,235,Event,,
/calendar/virginia-national-ocs-program-public-meeting/,200,236,Event,,
/calendar/ny-national-ocs-program-public-meeting/,200,237,Event,,
/calendar/exploring-local-waters-hudson-canyon/,200,440,Event,,
/calendar/macan-webinar-development-mid-atlantic-research-priorities/,200,639,Event,,
/calendar/mida-rpb-february-webinar/,200,640,Event,,
/calendar/2nd-north-american-dredging-summit/,200,645,Event,,
/calendar/2018-oceans-conference-and-exhibition/,200,647,Event,,
/calendar/capitol-hill-ocean-week-2018/,200,648,Event,,
/calendar/ny-bight-wind-fisheries-outreach-meeting/,200,649,Event,,
/calendar/ny-bight-wind-intergovernmental-task-force-meeting/,200,650,Event,,
/calendar/dredging-summit-expo-18/,200,651,Event,,
/calendar/webinar-beneficial-reuse-sand-resources/,200,652,Event,,
/calendar/how-tuesday-communities-sea-fishing-data/,200,656,Event,,
/calendar/offshore-wind-implementation-summit/,200,659,Event,,
/calendar/afs-2018-meeting/,200,660,Event,,
/calendar/new-york-energy-market-summit/,200,661,Event,,
/calendar/planning-and-mapping-our-busy-mid-atlantic-ocean/,200,662,Event,,
/calendar/coastal-geotools-2019/,200,663,Event,,
/calendar/2018-esri-ocean-gis-forum/,200,665,Event,,
/calendar/webinar-mapping-marine-life-east-coast/,200,667,Event,,
/calendar/mid-atlantic-chapter-urban-regional-information-systems-association-2018-conference/,200,668,Event,,
/calendar/webinar-managing-global-acidification-regional-scale/,200,669,Event,,
/calendar/state-science-wildlife-and-offshore-wind-energy-development/,200,670,Event,,
/calendar/new-york-public-meeting-ny-bight-offshore-wind/,200,671,Event,,
/calendar/new-jersey-meeting-ny-bight-offshore-wind/,200,672,Event,,
/calendar/boem-public-webinar-ny-bight-offshore-wind/,200,673,Event,,
/calendar/nj-spotlight-new-jerseys-energy-future-offshore-wind/,200,676,Event,,
/calendar/atlantic-ocean-energy-and-mineral-science-forum/,200,677,Event,,
/calendar/how-tuesday-ais-vessel-traffic-data/,200,678,Event,,
/calendar/webinar-monitoring-acidification-ny-bight/,200,682,Event,,
/calendar/mid-atlantic-ocean-forum/,200,683,Event,,
/calendar/macan-second-workshop/,200,685,Event,,
/calendar/business-network-offshore-wind-international-partnering-forum/,200,686,Event,,
/calendar/climate-change-coasts-and-communities-symposium/,200,687,Event,,
/calendar/advanced-assessment-tools-offshore-developments/,200,688,Event,,
/calendar/2019-maracoos-annual-meeting/,200,691,Event,,
/calendar/rutgers-energy-institute-14th-annual-energy-symposium/,200,692,Event,,
/calendar/mid-atlantic-coastal-acidification-network-may-webinar/,200,693,Event,,
/calendar/conference-offshore-wind-transmission/,200,697,Event,,
/calendar/june-2019-how-tuesday-open-tutorial/,200,698,Event,,
/calendar/offshore-wind-energy-environment-symposium/,200,699,Event,,
/calendar/2019-mid-atlantic-marine-debris-summit/,200,700,Event,,
/calendar/oceanobs19-ocean-opportunity/,200,702,Event,,
/calendar/2019-oceans-conference-and-exposition/,200,703,Event,,
/calendar/delmarva-gis-2020-conference/,200,706,Event,,
/calendar/marine-life-webinar/,200,708,Event,,
/calendar/oceanreports-webinar/,200,713,Event,,
/calendar/2019-delaware-coast-day/,200,714,Event,,
/calendar/ocean-sciences-meeting-2020/,200,718,Event,,
/calendar/how-tuesday-webinar-coast-guard-data/,200,722,Event,,
/calendar/webinar-acidification-impacts-shellfish/,200,725,Event,,
/calendar/mid-atlantic-committee-ocean-webinar/,200,726,Event,,
/calendar/webinar-introduction-floating-offshore-wind/,200,727,Event,,
/calendar/nyserda-state-science-offshore-wind/,200,729,Event,,
/calendar/april-how-tuesday-webinar-maracoos-data/,200,732,Event,,
/calendar/earth-day-webinar-shifting-fish-species/,200,736,Event,,
/calendar/2020-mid-atlantic-ocean-forum/,200,739,Event,,
/calendar/noaa-national-and-mid-atlantic-ocean-acidification-research-plan/,200,740,Event,,
/calendar/2020-capitol-hill-ocean-week/,200,741,Event,,
/calendar/investigate-your-ocean-neighborhood-oceanreports/,200,744,Event,,
/calendar/june-2021-how-tuesday/,200,751,Event,,
/calendar/namepa-2020-conference-and-marine-protection-awards/,200,752,Event,,
/calendar/state-science-interactions-between-offshore-wind-development-and-fisheries/,200,753,Event,,
/calendar/mid-atlantic-port-access-and-navigation-safety-studies-webinar/,200,755,Event,,
/calendar/coastal-geotools-2021/,200,758,Event,,
/calendar/hooked-on-ocean-acidification-series-for-recreational-anglers/,200,761,Event,,
/calendar/2021-mid-atlantic-ocean-forum/,200,765,Event,,
/calendar/oceans-2022-hampton-roads/,200,767,Event,,
/calendar/capitol-hill-ocean-week-2021/,200,772,Event,,
/calendar/american-fisheries-society-151st-annual-meeting/,200,774,Event,,
/calendar/2021-marine-debris-summit/,200,775,Event,,
/calendar/boem-webinar-marine-spatial-planning-for-the-maritime-sector/,200,780,Event,,
/calendar/how-tuesday-webinar-port-access-route-studies-update-map-data/,200,781,Event,,
/calendar/supporting-oa-action-planning-and-implementation-in-the-mid-atlantic/,200,783,Event,,
/calendar/webinar-how-tu-use-the-portals-tools/,200,790,Event,,
/calendar/ny-state-of-the-science-workshop-on-wildlife-and-offshore-wind-energy/,200,797,Event,,
/calendar/creating-a-coastal-acidification-module-for-mid-atlantic-teachers/,200,799,Event,,
/calendar/event-information-learning-from-the-experts-new-york-and-regional-transmission-planning/,200,802,Event,,
/calendar/capitol-hill-ocean-week-2022/,200,803,Event,,
/calendar/how-tuesday-intro-to-the-portal/,200,810,Event,,
/calendar/hudson-canyon-virtual-public-meeting-1/,200,815,Event,,
/calendar/hudson-canyon-virtual-public-meeting-2/,200,816,Event,,
/calendar/hudson-canyon-monmouth-public-meeting/,200,817,Event,,
/calendar/hudson-canyon-nyc-public-meeting/,200,818,Event,,
/calendar/coastal-geotools-2023/,200,820,Event,,
/calendar/submerge-marine-science-festival-2022/,200,827,Event,,
/calendar/marine-sanctuaries-as-a-mid-atlantic-conservation-tool/,200,836,Event,,
/calendar/coastal-virginia-offshore-wind-project-deis-meetings/,200,838,Event,,
/calendar/aers-spring-meeting-coastal-and-estuarine-science-in-a-changing-climate/,200,839,Event,,
/calendar/2023-future-of-the-ocean-symposium/,200,841,Event,,
/calendar/2023-mid-atlantic-ocean-forum/,200,843,Event,,
/calendar/2023-capitol-hill-ocean-week/,200,845,Event,,
/calendar/macan-coastal-and-ocean-acidification-workship/,200,853,Event,,
/calendar/how-tuesday-the-ny-geographic-information-gateway-and-virginia-coastal-gems/,200,854,Event,,
/calendar/2023-maracoos-annual-meeting/,200,857,Event,,
/calendar/2023-mid-atlantic-marine-debris-summit/,200,858,Event,,
/calendar/coastal-geotools-2025/,200,864,Event,,
/calendar/2024-state-of-the-science-workshop/,200,872,Event,,
/calendar/2024-capitol-hill-ocean-week/,200,873,Event,,
/calendar/how-tuesday-webinar-coastal-and-ocean-acidification-data/,200,876,Event,,
/calendar/marco-sea-turtle-webinar/,200,878,Event,,
/calendar/2024-mid-atlantic-ocean-forum/,200,880,Event,,
/calendar/mac-urisa-2024-conference/,200,887,Event,,
/calendar/mid-atlantic-ocean-conservation-symposium/,200,893,Event,,
/calendar/boem-central-atlantic-2-public-meetings/,200,897,Event,,
/calendar/capitol-hill-ocean-week-2025/,200,901,Event,,
/calendar/2025-mid-atlantic-ocean-forum/,200,903,Event,,
/calendar/2025-cape-may-point-marine-science-symposium/,200,906,Event,,
/calendar/macan-2025-state-of-the-science-meeting/,200,908,Event,,
/collaborate/,200,641,GridPage,,
/collaborate/schedule-group-training/,200,82,GridPageDetail,,
/collaborate/groups/,200,642,GridPageDetail,,
/collaborate/contact-us/,200,643,GridPageDetail,,
/how-use-portal/,200,65,GridPage,,
/how-use-portal/learn-how-use-portals-tools/,200,66,GridPageDetail,,
/how-use-portal/discover-tips-and-tricks-how-tuesday/,200,68,GridPageDetail,,
/how-use-portal/case-studies/,200,644,GridPageDetail,,
/resources-data-links/,200,86,GridPage,,
/resources-data-links/map-resources/,200,87,GridPageDetail,,
/resources-data-links/data-resources/,200,88,GridPageDetail,,
/data-catalog/,200,7,DataCatalog,,
/data-needs-and-priorities/fishing-commercial-fishing-activity-vtr/,200,10,DataGap,,
/data-needs-and-priorities/important-coastal-bird-and-bat-habitat/,200,12,DataGap,,
/data-needs-and-priorities/sediment-seafloor-habitat-benthic-resilence-maps/,200,15,DataGap,,
/data-needs-and-priorities/marine-mammal-population-density-migration/,200,16,DataGap,,
/data-needs-and-priorities/marine-life-critical-nearshore-benthic-habitat/,200,18,DataGap,,
/data-needs-and-priorities/anomaly-maps-temp-currents-wind-speed-stress/,200,20,DataGap,,
/ocean-stories/,200,4,OceanStories,,
/ocean-stories/offshore-energy-lease-areas-mid-atlantic/,200,716,OceanStory,,
/ocean-stories/transmission-series-part-i-siting-cables-in-federal-waters/,200,835,OceanStory,,
/ocean-stories/transmission-series-part-ii-the-cvow-cable-route/,200,834,OceanStory,,
/ocean-stories/marco-improves-fishing-map-collection-with-insights-from-industry/,200,824,OceanStory,,
/ocean-stories/group-aims-to-make-field-more-diverse-provide-guidance-for-young-practitioners/,200,768,OceanStory,,
/ocean-stories/charter-captain-tours-busy-nj-waters-classic-boats/,200,749,OceanStory,,
/ocean-stories/explorer-shines-light-regions-deep-sea-corals/,200,730,OceanStory,,
/ocean-stories/gotham-whale-new-york-humpbacks/,200,231,OceanStory,,
/ocean-stories/commercial-scallops/,200,179,OceanStory,,
/ocean-stories/lenape-ancient-cultural-history-lies-beneath-sea/,200,117,OceanStory,,
/ocean-stories/automatic-identification-system-tracking/,200,162,OceanStory,,
/ocean-stories/recreational-boating/,200,153,OceanStory,,
/ocean-stories/information-super-highway/,200,64,OceanStory,,
/ocean-stories/tug-and-barge-industry/,200,103,OceanStory,,
/ocean-stories/marylands-coral-reefs/,200,42,OceanStory,,
/ocean-stories/new-recreational-data-covers-coast/,200,46,OceanStory,,
/ocean-stories/coast-guard-vessel-traffic-data/,200,52,OceanStory,,
/ocean-stories/every-map-tells-a-story/,200,13,OceanStory,,
/news/,200,85,News,,
/news/updates-2015-06-17/,200,101,Story,,
/news/updates-2015-05-20/,200,89,Story,,
/news/updates-2014-09-11/,200,90,Story,,
/news/updates-2014-09-09/,200,92,Story,,
/news/updates-2014-04-07/,200,91,Story,,
/news/updates-2013-08-07/,200,97,Story,,
/news/updates-2013-05-28/,200,98,Story,,
/news/updates-2014-06-26/,200,102,Story,,
/news/export-your-drawings/,200,106,Story,,
/news/new-recreational-layers/,200,112,Story,,
/news/nasca-undersea-cable-routes/,200,115,Story,,
/news/2016-portal-improvements/,200,116,Story,,
/news/highly-migratory-species/,200,121,Story,,
/news/magazine-features-portal-and-fishing/,200,123,Story,,
/news/shinnecocknationatlanticocean/,200,124,Story,,
/news/regional-ocean-assessment/,200,126,Story,,
/news/view-portals-new-human-use-data-synthesis-maps/,200,129,Story,,
/news/video-rewind-roa-portal/,200,130,Story,,
/news/introducing-oceanography-theme/,200,133,Story,,
/news/spring-forward-preview-portal-upgrades-works/,200,134,Story,,
/news/mdat-webinar-video/,200,135,Story,,
/news/commercial-fishing-maps/,200,136,Story,,
/news/news-our-partners/,200,138,Story,,
/news/video-rewind-huds-portal-webinar/,200,143,Story,,
/news/input-map-data-outside-sites-new-tool/,200,149,Story,,
/news/fishing-data-how-tuesday/,200,151,Story,,
/news/video-august-2016-how-tuesday/,200,157,Story,,
/news/new-security-maps/,200,158,Story,,
/news/faqs-ocean-plan-open-houses/,200,159,Story,,
/news/mid-atlantic-birds-fishes-marine-mammals/,200,163,Story,,
/news/state-dept-spotlights-portal-virtual-exhibit-hall/,200,164,Story,,
/news/mammals-marine-life-library/,200,171,Story,,
/news/video-rewind-marine-life-how-tuesday/,200,172,Story,,
/news/marine-protected-areas-maps/,200,183,Story,,
/news/video-rewind-march-how-tuesday/,200,186,Story,,
/news/upgraded-drawing-tool/,200,188,Story,,
/news/ocean-economies-by-county/,200,189,Story,,
/news/whats-next-portal-2017/,200,194,Story,,
/news/mid-atlantic-rpb-receives-benchley-ocean-award/,200,197,Story,,
/news/video-rewind-how-tu-use-marine-planners-tools/,200,199,Story,,
/news/population-densities-coastal-watersheds/,200,201,Story,,
/news/acidification-monitoring-locations/,200,204,Story,,
/news/video-rewind-mapping-risk-mid-atlantic/,200,206,Story,,
/news/estuarine-wetlands-and-seagrasses/,200,207,Story,,
/news/take-mid-atlantic-coastal-recreation-survey/,200,208,Story,,
/news/journal-article/,200,212,Story,,
/news/where-acidification-being-monitored-your-area/,200,224,Story,,
/news/video-rewind-ocean-acidification-webinar/,200,225,Story,,
/news/updates-security-theme-data/,200,226,Story,,
/news/ny-wind-energy-area-consideration-now-portal/,200,227,Story,,
/news/video-rewind-january-2018-how-tuesday/,200,238,Story,,
/news/browse-our-new-homepage-and-site-upgrades/,200,646,Story,,
/news/8-years-fronts-primary-productivity-data-now-available/,200,653,Story,,
/news/view-interactive-map-ny-bight-wind-energy-call-areas/,200,654,Story,,
/news/browse-1000-commercial-fishing-maps-marine-planner/,200,655,Story,,
/news/video-rewind-communities-sea-fishing-webinar/,200,657,Story,,
/news/2015-2016-ais-vessel-traffic-maps-added-portal/,200,664,Story,,
/news/marine-life-data-updated-new-maps-recent-observations/,200,666,Story,,
/news/video-rewind-marine-life-mapping-webinar/,200,674,Story,,
/news/free-portal-exercises-available-educators/,200,675,Story,,
/news/new-boem-identified-ny-bight-draft-wind-energy-areas-recommendation/,200,679,Story,,
/news/discover-history-along-ocean-floor-wrecks-obstructions-map/,200,680,Story,,
/news/video-rewind-ais-vessel-traffic-data-webinar/,200,681,Story,,
/news/updates-fishery-management-areas/,200,684,Story,,
/news/introducing-slider-and-animation-tool/,200,689,Story,,
/news/video-mid-atlantic-ocean-forum-panel/,200,690,Story,,
/news/new-map-shows-areas-federally-identified-sand-resources/,200,694,Story,,
/news/updates-administrative-data-collection/,200,695,Story,,
/news/oceanography-updates-new-bathymetry-and-seabed-maps/,200,696,Story,,
/news/lighthouses-map-guides-way-through-regions-maritime-history/,200,701,Story,,
/news/introducing-linear-measurement-tool/,200,704,Story,,
/news/video-rewind-june-2019-how-tuesday/,200,705,Story,,
/news/marco-and-maracoos-partner-produce-monthly-maps-sea-surface-temps-portal/,200,707,Story,,
/news/spring-fish-data-added-marine-life-library-marine-mammals-updated/,200,709,Story,,
/news/portal-expands-submarine-cables-and-pipelines-data/,200,710,Story,,
/news/data-update-mid-atlantic-artificial-reefs/,200,711,Story,,
/news/marine-life-webinar-july-2019/,200,712,Story,,
/news/seasonal-housing-ocean-employment-maps-added-portal/,200,715,Story,,
/news/portal-expands-offshore-wind-map-collection/,200,717,Story,,
/news/portal-adds-uscg-proposed-anchorage-areas-and-studies-data/,200,720,Story,,
/news/maps-show-migration-routes-and-habitats-diving-birds/,200,721,Story,,
/news/january-updates-power-infrastructure-basemaps-and-bookmarks-tool/,200,723,Story,,
/news/video-coast-guard-data-webinar/,200,724,Story,,
/news/maps-show-monthly-distributions-loggerhead-sea-turtles/,200,728,Story,,
/news/maracoos-marco-create-first-surface-currents-maps-portal/,200,731,Story,,
/news/north-carolina-port-access-route-study-area-now-portal/,200,733,Story,,
/news/march-updates-canyons-undersea-features-pilot-areas/,200,734,Story,,
/news/maps-show-significant-shifts-mid-atlantic-fish-species/,200,735,Story,,
/news/video-rewind-maracoos-data-webinar/,200,737,Story,,
/news/video-rewind-shifting-species-webinar/,200,738,Story,,
/news/njdelaware-bay-port-access-route-study-proposed-nc-anchorage-area/,200,742,Story,,
/news/uss-monitor-mallows-bay-potomac-sanctuaries-now-portal/,200,743,Story,,
/news/video-rewind-njdel-bay-pars-and-cape-fear-anchorage-webinar/,200,745,Story,,
/news/2018-and-2019-ais-vessel-traffic-maps/,200,746,Story,,
/news/view-combined-map-east-coast-port-access-route-studies/,200,747,Story,,
/news/map-shows-potential-atlantic-coast-shipping-safety-fairways-proposed-coast-guard/,200,748,Story,,
/news/view-monthly-and-annual-offshore-wind-speeds/,200,750,Story,,
/news/video-rewind-intro-portal-webinar/,200,754,Story,,
/news/maps-illustrate-historic-hurricane-activity-mid-atlantic/,200,756,Story,,
/news/virginia-offshore-wind-turbine-locations-added-portal/,200,757,Story,,
/news/coastal-zone-management-act-boundary-added-to-portal/,200,759,Story,,
/news/map-shows-proposed-new-york-reef-expansion-areas/,200,760,Story,,
/news/water-quality-theme-and-impaired-waters-map/,200,762,Story,,
/news/seafloor-habitat-theme-launched-with-new-modeled-shoals-map/,200,763,Story,,
/news/boem-wind-planning-areas-map-updated-with-new-ny-bight-sites/,200,766,Story,,
/news/proposed-ambrose-anchorage-ground-available-in-maritime-theme/,200,769,Story,,
/news/coast-guard-seeks-additional-information-on-northern-ny-bight-pars/,200,770,Story,,
/news/portal-adds-reorganizes-fishing-management-areas-maps/,200,771,Story,,
/news/map-collection-models-fishing-effects-to-sea-bottom/,200,773,Story,,
/news/2020-ais-vessel-transit-counts-and-sliders-now-available/,200,776,Story,,
/news/ny-bight-wind-energy-lease-sale-maps-added-to-portal/,200,777,Story,,
/news/coast-guard-chesapeake-bay-approaches-draft-report-now-available/,200,778,Story,,
/news/video-june-intro-to-the-portal-webinar/,200,779,Story,,
/news/view-routing-measures-proposed-by-northern-ny-bight-pars-report/,200,782,Story,,
/news/video-port-access-route-studies-update-map-data-webinar/,200,784,Story,,
/news/updated-maps-of-fish-distribution-and-abundance/,200,785,Story,,
/news/new-data-to-support-planning-of-regional-scale-passive-acoustic-monitoring-along-atlantic-coast/,200,786,Story,,
/news/maps-track-balloon-litter-and-marine-debris-found-in-marco-beach-sweeps/,200,787,Story,,
/news/view-routing-measures-recommended-by-nj-seacoastdelaware-bay-port-access-route-study/,200,788,Story,,
/news/introducing-private-groups/,200,789,Story,,
/news/maps-estimate-average-monthly-sea-bottom-temperatures/,200,791,Story,,
/news/maracoos-marco-to-expand-ocean-mapping-and-research-partnership/,200,792,Story,,
/news/video-how-tu-use-the-portals-tools-webinar/,200,793,Story,,
/news/new-avian-movement-data-show-black-capped-petrel-offshore-foraging-activity/,200,794,Story,,
/news/map-shows-reproductive-potential-of-atlantic-sea-scallop-across-most-of-the-species-range/,200,795,Story,,
/news/ferry-routes-and-terminals-added-to-maritime-theme/,200,796,Story,,
/news/boem-ny-bight-final-sale-notice-areas-now-on-portal/,200,798,Story,,
/news/boem-central-atlantic-draft-call-area-added-to-marine-planner/,200,800,Story,,
/news/view-proposals-from-final-ny-bight-port-access-route-study/,200,801,Story,,
/news/introducing-the-indigenous-nations-communities-cultures-map-collection/,200,804,Story,,
/news/view-coast-guards-amended-cape-fear-anchorage-proposal/,200,805,Story,,
/news/cetacean-data-products-now-reflect-new-north-atlantic-right-whale-model-outputs/,200,806,Story,,
/news/sand-resources-map-shows-areas-where-materials-for-coastal-projects-may-exist/,200,807,Story,,
/news/new-england-port-access-route-study-map-in-maritime-theme/,200,808,Story,,
/news/boem-seeks-input-on-potential-central-atlantic-wind-energy-areas/,200,809,Story,,
/news/2021-ais-vessel-transit-counts-and-monthly-sliders-now-available/,200,811,Story,,
/news/new-fish-biomass-time-sliders-and-maps-showing-potential-vulnerability-of-fish-species-to-emf/,200,812,Story,,
/news/maps-show-marine-mammal-strandings-by-season-species-and-county/,200,813,Story,,
/news/june-2022-how-tuesday-intro-to-the-portal/,200,814,Story,,
/news/see-regions-top-areas-for-whale-and-dolphin-watch-tours/,200,819,Story,,
/news/map-layer-import-tool-now-compatible-with-additional-data-formats/,200,821,Story,,
/news/submarine-cable-areas-map-consolidates-data-from-nasca-and-noaa-chart-layers/,200,822,Story,,
/news/summer-updates-lightering-zones-us-wind-port-tonnage-cape-fear-anchorage-areas/,200,823,Story,,
/news/map-of-2022-proposed-north-atlantic-right-whale-seasonal-speed-zones/,200,825,Story,,
/news/usdot-marine-highways-roll-onroll-off-freight-facilities-added-to-portal/,200,826,Story,,
/news/wastewater-discharge-and-infrastructure-data-added-to-water-quality-theme/,200,828,Story,,
/news/import-gis-files-and-draw-polygons-lines-and-points-with-shapes-tool/,200,829,Story,,
/news/new-maps-of-commercial-fishing-vessel-activity-between-2015-2019/,200,831,Story,,
/news/boem-central-atlantic-draft-wind-energy-areas-map-now-available/,200,832,Story,,
/news/net-primary-productivity-maps-now-span-2010-22/,200,833,Story,,
/news/see-which-counties-experience-surges-in-summer-ocean-tourism-employment/,200,837,Story,,
/news/watch-explore-the-hudson-canyon-with-the-portal/,200,840,Story,,
/news/ocean-stories-miniseries-examines-offshore-wind-transmission-planning/,200,842,Story,,
/news/coast-guard-seeks-comments-on-recommendations-from-mid-atlantic-port-access-route-studies/,200,844,Story,,
/news/view-proposed-sites-of-offshore-wind-turbines-power-cables-and-substations/,200,846,Story,,
/news/munitions-and-explosives-of-concern-map-added-to-security-theme/,200,847,Story,,
/news/boem-publishes-final-call-area-in-gulf-of-maine-for-offshore-wind-development/,200,848,Story,,
/news/hundreds-of-new-monthly-marine-mammal-data-products-reflect-recent-observations-and-updated-modeling-methods/,200,849,Story,,
/news/maps-show-2022-vessel-traffic-patterns-in-mid-atlantic/,200,850,Story,,
/news/map-indicates-wave-heights-and-directions-along-east-coast/,200,851,Story,,
/news/summer-2023-updates-offshore-wind-project-areas-aids-to-navigation-bathymetric-contours/,200,852,Story,,
/news/map-collection-shows-regions-vast-network-of-coastal-water-trails/,200,855,Story,,
/news/locate-public-boat-ramps-throughout-the-region-on-the-portal/,200,856,Story,,
/news/boem-central-atlantic-final-wind-energy-areas-added-to-portal/,200,859,Story,,
/news/sea-turtle-density-monthly-slider-models-four-species-in-atlantic-waters/,200,860,Story,,
/news/how-tuesday-webinar-the-ny-geographic-information-gateway-and-virginia-coastal-gems/,200,861,Story,,
/news/introducing-the-conservation-theme/,200,862,Story,,
/news/fall-2023-updates-offshore-wind-marine-debris-password-protected-data/,200,863,Story,,
/news/proposed-southern-new-england-habitat-area-of-particular-concern-added-to-marine-planner/,200,865,Story,,
/news/maps-shows-sea-turtle-strandings-by-species-type-season-and-location/,200,866,Story,,
/news/virginia-blue-crab-oyster-and-sav-sanctuaries-added-to-marine-planner/,200,867,Story,,
/news/november-2023-how-tuesday-intro-to-the-portal/,200,868,Story,,
/news/where-is-coastal-and-ocean-acidification-being-monitored-in-your-area/,200,869,Story,,
/news/note-update-to-leatherback-sea-turtle-maps/,200,870,Story,,
/news/boem-seeks-input-through-feb-12-on-proposed-central-atlantic-lease-sale-areas/,200,871,Story,,
/news/offshore-wind-ports-in-the-mid-atlantic/,200,874,Story,,
/news/new-data-products-show-that-marine-mammal-stocks-in-north-atlantic-are-highly-vulnerable-to-climate-change/,200,877,Story,,
/news/coast-guard-seeks-public-input-on-proposed-shipping-safety-fairways/,200,879,Story,,
/news/winter-2024-updates-offshore-wind-installed-infrastructure-marine-debris/,200,881,Story,,
/news/watch-coastal-and-ocean-acidification-monitoring-data-webinar/,200,882,Story,,
/news/view-monthly-average-wind-speeds-at-sea-surface-turbine-hub-heights/,200,883,Story,,
/news/updated-marine-bird-distribution-models-for-us-atlantic-waters-added-to-marine-life-library/,200,884,Story,,
/news/offshore-wind-updates-atlantic-shores-empire-wind-sunrise-wind-gulf-of-maine-wea/,200,885,Story,,
/news/passive-acoustic-data-confirms-north-atlantic-right-whale-distributions/,200,886,Story,,
/news/view-annual-monthly-maps-of-2023-vessel-transit-counts/,200,888,Story,,
/news/commercial-fishing-footprints-transit-density-data-now-online/,200,889,Story,,
/news/june-2024-how-tuesday-intro-to-the-portal/,200,890,Story,,
/news/boem-to-hold-central-atlantic-lease-sale-aug-14/,200,891,Story,,
/news/july-2024-updates-historic-sites-no-discharge-zones-ocean-obs-buoys-hurricanes-port-authorities-congressional-districts/,200,892,Story,,
/news/view-usace-borrow-and-placement-areas-on-portal/,200,894,Story,,
/news/share-feedback-on-boem-central-atlantic-2-call-area-by-oct-21/,200,895,Story,,
/news/summer-flounder-commercial-mesh-size-exemptions-frameworkaddendum-map-now-in-fishing-theme/,200,896,Story,,
/news/usace-maintained-channels-maps-added-to-maritime-theme/,200,898,Story,,
/news/habitat-areas-of-particular-concern-hapc-for-seven-fish-species-and-groups-now-available/,200,899,Story,,
/news/advisory-to-users-winter-site-maintenance/,200,900,Story,,
/news/past-and-future-habitat-suitability-of-highly-migratory-species/,200,902,Story,,
/news/new-maps-show-where-north-atlantic-right-whales-have-shifted-distribution-over-the-last-20-years/,200,904,Story,,
/news/download-the-portal-mobile-app-for-ios-and-android/,200,905,Story,,
/news/new-maps-depict-probability-of-six-substrate-types-along-seafloor/,200,907,Story,,
/news/zooplankton-products-from-noaa-fisheries-ecomon-surveys/,200,909,Story,,
/news/noaa-bluetopo-bathymetry-data-now-in-habitat-theme/,200,910,Story,,
/news/comment-on-coast-guard-d-1-proposed-changes-to-aids-to-navigation-by-june-13/,200,911,Story,,
/help/,200,84,Page,,
/join/join-a-group/,200,73,GridPageDetail,,
/join/use-map-groups-collaborate-around-common-themes/,200,74,GridPageDetail,,
/join/new-data-features-trainings-and-more/,200,75,GridPageDetail,,
/current-agency-actions/,200,830,Page,,
/sitemap.xml,200,,,,
